{
    "normalization": [
        {
            "mean": 495.74797005915786,
            "std": 105.0826538718724
        },
        {
            "mean": -243.3744090125,
            "std": 8.780894559533115
        },
        {
            "mean": 3.153909673286355,
            "std": 4.103030881423507
        },
        {
            "mean": 21.9580125,
            "std": 97.60108742375692
        }
    ],
    "weights": {
        "Hufflepuff": [
            -1.7307391201771383,
            -0.23004464968126068,
            1.4796274920274364,
            -0.2628889937098746
        ],
        "Slytherin": [
            -0.21889352174570645,
            -0.3691309615643465,
            -1.6128977826868323,
            -0.5015403540688378
        ],
        "Ravenclaw": [
            1.1807635545390052,
            1.6714493639653902,
            0.04952640666904421,
            -0.4303845843959644
        ],
        "Gryffindor": [
            0.8024822667593206,
            -1.1263366057201074,
            0.31906933529251524,
            1.2266269759756876
        ]
    },
    "biases": {
        "Hufflepuff": -0.844830474226325,
        "Slytherin": -1.655285883204453,
        "Ravenclaw": -1.2351297396997445,
        "Gryffindor": -1.6305912782339322
    },
    "excluded_features": [
        "Arithmancy",
        "Care of Magical Creatures",
        "Defense Against the Dark Arts",
        "Potions",
        "History of Magic",
        "Muggle Studies",
        "Transfiguration",
        "Herbology",
        "Astronomy"
    ]
}